{"cameraMode":{"drawMode":0,"name":"Shaded","section":"Shading Mode"},"sceneLighting":true,"audioPlay":false,"sceneViewState":{"m_AlwaysRefresh":false,"showFog":true,"showSkybox":true,"showFlares":true,"showImageEffects":true,"showParticleSystems":true,"showVisualEffectGraphs":true,"m_FxEnabled":true},"in2DMode":false,"pivot":{"x":12.821273803710938,"y":16.512691497802736,"z":-0.5255029201507568},"rotation":{"x":0.14922647178173066,"y":0.1477264016866684,"z":-0.022553415969014169,"w":0.9774446487426758},"size":5.392021179199219,"orthographic":false}